Time,UAV_ID,Lyapunov,PosError_Lat,PosError_Lon,VelError_Lat,VelError_Lon,Control_Lat,Control_Lon
0.250,2,0.000001,0.001439,-0.000820,0.000000,0.000000,-0.001439,0.000820
0.500,2,0.000001,0.001370,-0.000780,0.000000,0.000000,-0.001370,0.000780
0.751,2,0.000001,0.001312,-0.000729,0.000000,0.000000,-0.001312,0.000729
1.001,2,0.000001,0.001312,-0.000729,0.000000,0.000000,-0.001312,0.000729
1.251,2,0.000001,0.001316,-0.000457,0.000000,0.000000,-0.001316,0.000457
1.502,2,0.000001,0.001341,-0.000270,0.000000,0.000000,-0.001341,0.000270
1.752,2,0.000001,0.001144,-0.000242,0.000000,0.000000,-0.001144,0.000242
2.003,2,0.000001,0.001051,-0.000216,0.000000,0.000000,-0.001051,0.000216
2.253,2,0.000000,0.000938,0.000011,0.000000,0.000000,-0.000938,-0.000011
2.503,2,0.000000,0.000769,0.000066,0.000000,0.000000,-0.000769,-0.000066
2.754,2,0.000000,0.000741,0.000247,0.000000,0.000000,-0.000741,-0.000247
3.004,2,0.000000,0.000602,0.000481,0.000000,0.000000,-0.000602,-0.000481
3.254,2,0.000000,0.000525,0.000561,0.000000,0.000000,-0.000525,-0.000561
3.504,2,0.000000,0.000474,0.000631,0.000000,0.000000,-0.000474,-0.000631
3.755,2,0.000000,0.000278,0.000866,0.000000,0.000000,-0.000278,-0.000866
4.005,2,0.000000,0.000202,0.000917,0.000000,0.000000,-0.000202,-0.000917
4.255,2,0.000000,0.000202,0.000917,0.000000,0.000000,-0.000202,-0.000917
4.505,2,0.000001,0.000054,0.001015,0.000000,0.000000,-0.000054,-0.001015
4.755,2,0.000001,-0.000369,0.001391,0.000000,0.000000,0.000369,-0.001391
5.005,2,0.000001,-0.000433,0.001430,0.000000,0.000000,0.000433,-0.001430
5.256,2,0.000001,-0.000433,0.001430,0.000000,0.000000,0.000433,-0.001430
5.506,2,0.000002,-0.000798,0.001560,0.000000,0.000000,0.000798,-0.001560
5.757,2,0.000002,-0.000925,0.001604,0.000000,0.000000,0.000925,-0.001604
6.007,2,0.000002,-0.001163,0.001586,0.000000,0.000000,0.001163,-0.001586
6.257,2,0.000002,-0.001225,0.001606,0.000000,0.000000,0.001225,-0.001606
6.508,2,0.000002,-0.001225,0.001606,0.000000,0.000000,0.001225,-0.001606
6.758,2,0.000002,-0.001516,0.001511,0.000000,0.000000,0.001516,-0.001511
7.008,2,0.000002,-0.001643,0.001394,0.000000,0.000000,0.001643,-0.001394
7.258,2,0.000002,-0.001643,0.001394,0.000000,0.000000,0.001643,-0.001394
7.508,2,0.000002,-0.001766,0.001339,0.000000,0.000000,0.001766,-0.001339
7.759,2,0.000003,-0.001906,0.001316,0.000000,0.000000,0.001906,-0.001316
8.009,2,0.000003,-0.002001,0.001273,0.000000,0.000000,0.002001,-0.001273
8.259,2,0.000003,-0.002001,0.001273,0.000000,0.000000,0.002001,-0.001273
8.509,2,0.000003,-0.002034,0.001222,0.000000,0.000000,0.002034,-0.001222
8.759,2,0.000003,-0.001970,0.001093,0.000000,0.000000,0.001970,-0.001093
9.009,2,0.000003,-0.002104,0.001122,0.000000,0.000000,0.002104,-0.001122
9.260,2,0.000003,-0.002091,0.001084,0.000000,0.000000,0.002091,-0.001084
9.510,2,0.000003,-0.002015,0.001005,0.000000,0.000000,0.002015,-0.001005
9.760,2,0.000003,-0.002162,0.001107,0.000000,0.000000,0.002162,-0.001107
10.011,2,0.000003,-0.002199,0.001132,0.000000,0.000000,0.002199,-0.001132
10.261,2,0.000003,-0.002168,0.001084,0.000000,0.000000,0.002168,-0.001084
10.511,2,0.000003,-0.002123,0.001049,0.000000,0.000000,0.002123,-0.001049
10.762,2,0.000003,-0.002127,0.001055,0.000000,0.000000,0.002127,-0.001055
11.012,2,0.000003,-0.002137,0.001064,0.000000,0.000000,0.002137,-0.001064
11.263,2,0.000003,-0.002086,0.001033,0.000000,0.000000,0.002086,-0.001033
11.514,2,0.000003,-0.002120,0.001068,0.000000,0.000000,0.002120,-0.001068
11.764,2,0.000003,-0.002037,0.001026,0.000000,0.000000,0.002037,-0.001026
12.014,2,0.000003,-0.002110,0.001077,0.000000,0.000000,0.002110,-0.001077
12.264,2,0.000003,-0.002150,0.001119,0.000000,0.000000,0.002150,-0.001119
12.515,2,0.000003,-0.002073,0.001078,0.000000,0.000000,0.002073,-0.001078
12.765,2,0.000003,-0.002073,0.001078,0.000000,0.000000,0.002073,-0.001078
13.015,2,0.000003,-0.002058,0.001100,0.000000,0.000000,0.002058,-0.001100
13.265,2,0.000003,-0.002101,0.001128,0.000000,0.000000,0.002101,-0.001128
13.516,2,0.000003,-0.002134,0.001169,0.000000,0.000000,0.002134,-0.001169
13.766,2,0.000003,-0.002094,0.001162,0.000000,0.000000,0.002094,-0.001162
14.016,2,0.000003,-0.002166,0.001203,0.000000,0.000000,0.002166,-0.001203
14.266,2,0.000003,-0.002087,0.001172,0.000000,0.000000,0.002087,-0.001172
14.516,2,0.000003,-0.002120,0.001206,0.000000,0.000000,0.002120,-0.001206
14.766,2,0.000003,-0.002239,0.001288,0.000000,0.000000,0.002239,-0.001288
15.018,2,0.000003,-0.002116,0.001219,0.000000,0.000000,0.002116,-0.001219
15.268,2,0.000003,-0.002189,0.001270,0.000000,0.000000,0.002189,-0.001270
15.519,2,0.000003,-0.002109,0.001240,0.000000,0.000000,0.002109,-0.001240
15.769,2,0.000003,-0.002071,0.001218,0.000000,0.000000,0.002071,-0.001218
16.019,2,0.000003,-0.002068,0.001240,0.000000,0.000000,0.002068,-0.001240
16.269,2,0.000003,-0.002111,0.001264,0.000000,0.000000,0.002111,-0.001264
16.520,2,0.000003,-0.002061,0.001247,0.000000,0.000000,0.002061,-0.001247
16.770,2,0.000003,-0.002053,0.001251,0.000000,0.000000,0.002053,-0.001251
17.021,2,0.000003,-0.002059,0.001253,0.000000,0.000000,0.002059,-0.001253
17.271,2,0.000003,-0.002055,0.001262,0.000000,0.000000,0.002055,-0.001262
17.521,2,0.000003,-0.002055,0.001262,0.000000,0.000000,0.002055,-0.001262
17.771,2,0.000002,-0.001866,0.001149,0.000000,0.000000,0.001866,-0.001149
18.021,2,0.000002,-0.001736,0.001070,0.000000,0.000000,0.001736,-0.001070
18.271,2,0.000002,-0.001690,0.001043,0.000000,0.000000,0.001690,-0.001043
18.522,2,0.000003,-0.002058,0.001296,0.000000,0.000000,0.002058,-0.001296
18.772,2,0.000003,-0.002079,0.001319,0.000000,0.000000,0.002079,-0.001319
19.022,2,0.000003,-0.002079,0.001319,0.000000,0.000000,0.002079,-0.001319
19.273,2,0.000003,-0.002034,0.001300,0.000000,0.000000,0.002034,-0.001300
19.523,2,0.000003,-0.002050,0.001317,0.000000,0.000000,0.002050,-0.001317
19.773,2,0.000003,-0.001957,0.001258,0.000000,0.000000,0.001957,-0.001258
20.023,2,0.000003,-0.001924,0.001237,0.000000,0.000000,0.001924,-0.001237
20.273,2,0.000003,-0.002034,0.001316,0.000000,0.000000,0.002034,-0.001316
20.524,2,0.000003,-0.001959,0.001269,0.000000,0.000000,0.001959,-0.001269
20.774,2,0.000003,-0.001921,0.001245,0.000000,0.000000,0.001921,-0.001245
21.024,2,0.000003,-0.002106,0.001372,0.000000,0.000000,0.002106,-0.001372
21.274,2,0.000003,-0.002029,0.001328,0.000000,0.000000,0.002029,-0.001328
21.525,2,0.000003,-0.002029,0.001328,0.000000,0.000000,0.002029,-0.001328
21.776,2,0.000004,-0.002213,0.001455,0.000000,0.000000,0.002213,-0.001455
22.026,2,0.000003,-0.002101,0.001385,0.000000,0.000000,0.002101,-0.001385
22.276,2,0.000003,-0.002101,0.001385,0.000000,0.000000,0.002101,-0.001385
22.526,2,0.000003,-0.001952,0.001288,0.000000,0.000000,0.001952,-0.001288
22.776,2,0.000003,-0.001952,0.001288,0.000000,0.000000,0.001952,-0.001288
23.026,2,0.000003,-0.002098,0.001395,0.000000,0.000000,0.002098,-0.001395
23.276,2,0.000003,-0.002060,0.001371,0.000000,0.000000,0.002060,-0.001371
23.527,2,0.000003,-0.001894,0.001262,0.000000,0.000000,0.001894,-0.001262
23.777,2,0.000003,-0.001911,0.001273,0.000000,0.000000,0.001911,-0.001273
24.028,2,0.000003,-0.002095,0.001399,0.000000,0.000000,0.002095,-0.001399
24.278,2,0.000003,-0.002095,0.001399,0.000000,0.000000,0.002095,-0.001399
24.529,2,0.000004,-0.002279,0.001526,0.000000,0.000000,0.002279,-0.001526
24.779,2,0.000003,-0.001945,0.001304,0.000000,0.000000,0.001945,-0.001304
25.029,2,0.000003,-0.001908,0.001279,0.000000,0.000000,0.001908,-0.001279
25.279,2,0.000002,-0.001812,0.001194,0.000000,0.000000,0.001812,-0.001194
25.529,2,0.000003,-0.001972,0.001307,0.000000,0.000000,0.001972,-0.001307
25.780,2,0.000003,-0.002045,0.001359,0.000000,0.000000,0.002045,-0.001359
26.030,2,0.000003,-0.002035,0.001251,0.000000,0.000000,0.002035,-0.001251
26.280,2,0.000003,-0.002132,0.001202,0.000000,0.000000,0.002132,-0.001202
26.531,2,0.000003,-0.002311,0.001257,0.000000,0.000000,0.002311,-0.001257
26.783,2,0.000004,-0.002360,0.001296,0.000000,0.000000,0.002360,-0.001296
27.033,2,0.000004,-0.002519,0.001372,0.000000,0.000000,0.002519,-0.001372
27.284,2,0.000005,-0.002680,0.001511,0.000000,0.000000,0.002680,-0.001511
27.534,2,0.000005,-0.002669,0.001473,0.000000,0.000000,0.002669,-0.001473
27.784,2,0.000006,-0.002884,0.001758,0.000000,0.000000,0.002884,-0.001758
28.034,2,0.000005,-0.002613,0.001566,0.000000,0.000000,0.002613,-0.001566
28.284,2,0.000005,-0.002613,0.001664,0.000000,0.000000,0.002613,-0.001664
28.535,2,0.000005,-0.002577,0.001636,0.000000,0.000000,0.002578,-0.001636
28.785,2,0.000005,-0.002675,0.001898,0.000000,0.000000,0.002675,-0.001898
29.036,2,0.000005,-0.002477,0.001840,0.000000,0.000000,0.002477,-0.001840
29.286,2,0.000005,-0.002434,0.001805,0.000000,0.000000,0.002434,-0.001805
29.536,2,0.000005,-0.002393,0.001979,0.000000,0.000000,0.002393,-0.001979
29.786,2,0.000005,-0.002342,0.001989,0.000000,0.000000,0.002342,-0.001989
30.037,2,0.000004,-0.002187,0.002016,0.000000,0.000000,0.002187,-0.002016
30.287,2,0.000004,-0.002130,0.002084,0.000000,0.000000,0.002130,-0.002084
30.538,2,0.000004,-0.002044,0.002010,0.000000,0.000000,0.002044,-0.002010
30.788,2,0.000004,-0.001894,0.002144,0.000000,0.000000,0.001894,-0.002144
31.040,2,0.000004,-0.001862,0.002246,0.000000,0.000000,0.001862,-0.002246
31.291,2,0.000004,-0.001732,0.002158,0.000000,0.000000,0.001732,-0.002158
31.542,2,0.000004,-0.001611,0.002170,0.000000,0.000000,0.001611,-0.002170
31.793,2,0.000004,-0.001535,0.002202,0.000000,0.000000,0.001535,-0.002202
32.043,2,0.000004,-0.001495,0.002282,0.000000,0.000000,0.001495,-0.002282
32.293,2,0.000003,-0.001321,0.002292,0.000000,0.000000,0.001321,-0.002292
32.543,2,0.000004,-0.001318,0.002434,0.000000,0.000000,0.001318,-0.002434
32.793,2,0.000003,-0.001174,0.002334,0.000000,0.000000,0.001174,-0.002334
33.044,2,0.000003,-0.001034,0.002361,0.000000,0.000000,0.001034,-0.002361
33.294,2,0.000003,-0.001026,0.002407,0.000000,0.000000,0.001026,-0.002407
33.544,2,0.000003,-0.000852,0.002256,0.000000,0.000000,0.000852,-0.002256
33.794,2,0.000003,-0.000852,0.002256,0.000000,0.000000,0.000852,-0.002256
34.045,2,0.000003,-0.000762,0.002464,0.000000,0.000000,0.000762,-0.002464
34.295,2,0.000004,-0.000827,0.002528,0.000000,0.000000,0.000827,-0.002528
34.545,2,0.000004,-0.000799,0.002637,0.000000,0.000000,0.000799,-0.002637
34.795,2,0.000003,-0.000650,0.002510,0.000000,0.000000,0.000650,-0.002510
35.045,2,0.000003,-0.000650,0.002510,0.000000,0.000000,0.000650,-0.002510
35.296,2,0.000003,-0.000556,0.002363,0.000000,0.000000,0.000556,-0.002363
35.546,2,0.000003,-0.000764,0.002484,0.000000,0.000000,0.000764,-0.002484
35.796,2,0.000003,-0.000613,0.002514,0.000000,0.000000,0.000613,-0.002514
36.046,2,0.000003,-0.000613,0.002514,0.000000,0.000000,0.000613,-0.002514
36.298,2,0.000003,-0.000614,0.002431,0.000000,0.000000,0.000614,-0.002431
36.548,2,0.000003,-0.000607,0.002249,0.000000,0.000000,0.000607,-0.002249
36.798,2,0.000003,-0.000607,0.002249,0.000000,0.000000,0.000607,-0.002249
37.049,2,0.000002,-0.000614,0.002117,0.000000,0.000000,0.000614,-0.002117
37.299,2,0.000003,-0.000919,0.002183,0.000000,0.000000,0.000919,-0.002183
37.549,2,0.000003,-0.000919,0.002183,0.000000,0.000000,0.000919,-0.002183
37.799,2,0.000003,-0.001030,0.002044,0.000000,0.000000,0.001030,-0.002044
38.049,2,0.000003,-0.001150,0.002116,0.000000,0.000000,0.001150,-0.002116
38.299,2,0.000003,-0.001184,0.001934,0.000000,0.000000,0.001184,-0.001934
38.551,2,0.000003,-0.001199,0.002011,0.000000,0.000000,0.001199,-0.002011
38.801,2,0.000003,-0.001414,0.001897,0.000000,0.000000,0.001414,-0.001897
39.052,2,0.000003,-0.001413,0.001850,0.000000,0.000000,0.001413,-0.001850
39.302,2,0.000003,-0.001525,0.001765,0.000000,0.000000,0.001525,-0.001765
39.552,2,0.000003,-0.001525,0.001765,0.000000,0.000000,0.001525,-0.001765
39.803,2,0.000003,-0.001685,0.001515,0.000000,0.000000,0.001685,-0.001515
40.053,2,0.000003,-0.001685,0.001515,0.000000,0.000000,0.001685,-0.001515
40.304,2,0.000003,-0.001808,0.001579,0.000000,0.000000,0.001808,-0.001579
40.554,2,0.000003,-0.001947,0.001188,0.000000,0.000000,0.001947,-0.001188
40.804,2,0.000003,-0.002023,0.001065,0.000000,0.000000,0.002023,-0.001065
41.054,2,0.000003,-0.002029,0.000995,0.000000,0.000000,0.002029,-0.000995
41.304,2,0.000003,-0.002082,0.000889,0.000000,0.000000,0.002082,-0.000889
41.555,2,0.000003,-0.002082,0.000889,0.000000,0.000000,0.002082,-0.000889
41.805,2,0.000003,-0.002169,0.000649,0.000000,0.000000,0.002169,-0.000649
42.055,2,0.000003,-0.002230,0.000603,0.000000,0.000000,0.002230,-0.000603
42.305,2,0.000003,-0.002186,0.000490,0.000000,0.000000,0.002186,-0.000490
42.555,2,0.000002,-0.002204,0.000258,0.000000,0.000000,0.002204,-0.000258
42.805,2,0.000003,-0.002286,0.000255,0.000000,0.000000,0.002286,-0.000255
43.056,2,0.000003,-0.002329,0.000109,0.000000,0.000000,0.002329,-0.000109
43.306,2,0.000003,-0.002329,0.000109,0.000000,0.000000,0.002329,-0.000109
43.556,2,0.000003,-0.002329,0.000109,0.000000,0.000000,0.002329,-0.000109
43.806,2,0.000003,-0.002309,-0.000343,0.000000,0.000000,0.002309,0.000343
44.057,2,0.000003,-0.002309,-0.000343,0.000000,0.000000,0.002309,0.000343
44.307,2,0.000003,-0.002264,-0.000367,0.000000,0.000000,0.002264,0.000367
44.557,2,0.000003,-0.002244,-0.000384,0.000000,0.000000,0.002244,0.000384
44.807,2,0.000002,-0.002180,-0.000431,0.000000,0.000000,0.002180,0.000431
45.057,2,0.000003,-0.002296,-0.000906,0.000000,0.000000,0.002296,0.000906
45.308,2,0.000003,-0.002224,-0.000960,0.000000,0.000000,0.002224,0.000960
45.559,2,0.000003,-0.002241,-0.001141,0.000000,0.000000,0.002241,0.001141
45.809,2,0.000003,-0.002175,-0.001286,0.000000,0.000000,0.002175,0.001286
46.059,2,0.000003,-0.002114,-0.001417,0.000000,0.000000,0.002114,0.001417
46.309,2,0.000003,-0.002114,-0.001417,0.000000,0.000000,0.002114,0.001417
46.559,2,0.000004,-0.002179,-0.001526,0.000000,0.000000,0.002179,0.001526
46.810,2,0.000003,-0.001901,-0.001634,0.000000,0.000000,0.001901,0.001634
47.060,2,0.000004,-0.001974,-0.001840,0.000000,0.000000,0.001974,0.001840
47.310,2,0.000004,-0.001848,-0.001997,0.000000,0.000000,0.001848,0.001997
47.562,2,0.000004,-0.001822,-0.002059,0.000000,0.000000,0.001822,0.002059
47.812,2,0.000004,-0.001858,-0.002096,0.000000,0.000000,0.001858,0.002096
48.062,2,0.000004,-0.001731,-0.002297,0.000000,0.000000,0.001731,0.002297
48.312,2,0.000004,-0.001731,-0.002297,0.000000,0.000000,0.001731,0.002297
48.562,2,0.000004,-0.001478,-0.002309,0.000000,0.000000,0.001478,0.002309
48.812,2,0.000004,-0.001510,-0.002528,0.000000,0.000000,0.001510,0.002528
49.062,2,0.000004,-0.001426,-0.002524,0.000000,0.000000,0.001426,0.002524
49.312,2,0.000005,-0.001411,-0.002701,0.000000,0.000000,0.001411,0.002701
49.563,2,0.000005,-0.001250,-0.002727,0.000000,0.000000,0.001250,0.002727
49.813,2,0.000004,-0.001065,-0.002731,0.000000,0.000000,0.001065,0.002731
50.064,2,0.000004,-0.001012,-0.002714,0.000000,0.000000,0.001012,0.002714
50.314,2,0.000005,-0.000860,-0.002894,0.000000,0.000000,0.000860,0.002894
50.564,2,0.000005,-0.000860,-0.003018,0.000000,0.000000,0.000860,0.003018
50.815,2,0.000005,-0.000699,-0.002953,0.000000,0.000000,0.000699,0.002953
51.065,2,0.000005,-0.000663,-0.003044,0.000000,0.000000,0.000663,0.003044
51.315,2,0.000005,-0.000617,-0.003166,0.000000,0.000000,0.000617,0.003166
51.565,2,0.000005,-0.000395,-0.003147,0.000000,0.000000,0.000395,0.003147
51.816,2,0.000005,-0.000386,-0.003233,0.000000,0.000000,0.000386,0.003233
52.070,2,0.000006,-0.000351,-0.003312,0.000000,0.000000,0.000351,0.003312
52.320,2,0.000006,-0.000339,-0.003357,0.000000,0.000000,0.000339,0.003357
52.570,2,0.000005,-0.000029,-0.003123,0.000000,0.000000,0.000029,0.003123
52.820,2,0.000005,0.000113,-0.003214,0.000000,0.000000,-0.000113,0.003214
53.071,2,0.000005,0.000113,-0.003214,0.000000,0.000000,-0.000113,0.003214
53.321,2,0.000005,0.000113,-0.003214,0.000000,0.000000,-0.000113,0.003214
53.571,2,0.000004,0.000343,-0.002954,0.000000,0.000000,-0.000343,0.002954
53.821,2,0.000005,0.000620,-0.003179,0.000000,0.000000,-0.000620,0.003179
54.071,2,0.000005,0.000653,-0.003198,0.000000,0.000000,-0.000653,0.003199
54.322,2,0.000005,0.000892,-0.003093,0.000000,0.000000,-0.000892,0.003093
54.572,2,0.000005,0.000892,-0.003093,0.000000,0.000000,-0.000892,0.003093
54.822,2,0.000005,0.001021,-0.003051,0.000000,0.000000,-0.001021,0.003051
55.072,2,0.000005,0.001185,-0.002970,0.000000,0.000000,-0.001185,0.002970
55.322,2,0.000005,0.001336,-0.002948,0.000000,0.000000,-0.001336,0.002948
55.572,2,0.000005,0.001293,-0.002922,0.000000,0.000000,-0.001293,0.002922
55.823,2,0.000005,0.001456,-0.002802,0.000000,0.000000,-0.001456,0.002802
56.073,2,0.000005,0.001509,-0.002636,0.000000,0.000000,-0.001509,0.002636
56.323,2,0.000005,0.001509,-0.002636,0.000000,0.000000,-0.001509,0.002636
56.573,2,0.000005,0.001860,-0.002383,0.000000,0.000000,-0.001860,0.002383
56.823,2,0.000005,0.001874,-0.002425,0.000000,0.000000,-0.001874,0.002425
57.074,2,0.000005,0.001978,-0.002386,0.000000,0.000000,-0.001978,0.002386
57.324,2,0.000005,0.001993,-0.002284,0.000000,0.000000,-0.001993,0.002284
57.574,2,0.000005,0.002109,-0.002230,0.000000,0.000000,-0.002109,0.002230
57.824,2,0.000005,0.002182,-0.002230,0.000000,0.000000,-0.002182,0.002230
58.075,2,0.000004,0.002203,-0.001921,0.000000,0.000000,-0.002203,0.001921
58.326,2,0.000004,0.002203,-0.001921,0.000000,0.000000,-0.002203,0.001921
58.576,2,0.000004,0.002455,-0.001583,0.000000,0.000000,-0.002455,0.001583
58.827,2,0.000004,0.002543,-0.001563,0.000000,0.000000,-0.002543,0.001563
59.077,2,0.000004,0.002538,-0.001483,0.000000,0.000000,-0.002538,0.001483
59.328,2,0.000004,0.002633,-0.001352,0.000000,0.000000,-0.002633,0.001352
59.579,2,0.000004,0.002671,-0.001148,0.000000,0.000000,-0.002671,0.001148
59.829,2,0.000004,0.002636,-0.000976,0.000000,0.000000,-0.002636,0.000976
60.080,2,0.000004,0.002622,-0.000917,0.000000,0.000000,-0.002622,0.000917
60.330,2,0.000004,0.002617,-0.000899,0.000000,0.000000,-0.002617,0.000899
60.581,2,0.000004,0.002797,-0.000560,0.000000,0.000000,-0.002797,0.000560
60.831,2,0.000004,0.002824,-0.000461,0.000000,0.000000,-0.002824,0.000461
61.081,2,0.000004,0.002836,-0.000299,0.000000,0.000000,-0.002836,0.000299
61.331,2,0.000004,0.002876,-0.000101,0.000000,0.000000,-0.002876,0.000101
61.582,2,0.000004,0.002847,-0.000040,0.000000,0.000000,-0.002847,0.000040
61.832,2,0.000004,0.002855,0.000204,0.000000,0.000000,-0.002855,-0.000204
62.082,2,0.000004,0.002881,0.000350,0.000000,0.000000,-0.002881,-0.000350
62.332,2,0.000004,0.002871,0.000378,0.000000,0.000000,-0.002871,-0.000378
62.583,2,0.000004,0.002871,0.000378,0.000000,0.000000,-0.002871,-0.000378
62.833,2,0.000004,0.002704,0.000621,0.000000,0.000000,-0.002704,-0.000621
63.083,2,0.000005,0.002861,0.000916,0.000000,0.000000,-0.002861,-0.000916
63.333,2,0.000004,0.002797,0.001061,0.000000,0.000000,-0.002797,-0.001061
63.587,2,0.000005,0.002784,0.001254,0.000000,0.000000,-0.002784,-0.001254
63.837,2,0.000005,0.002723,0.001375,0.000000,0.000000,-0.002723,-0.001375
64.087,2,0.000004,0.002584,0.001504,0.000000,0.000000,-0.002584,-0.001504
64.341,2,0.000005,0.002649,0.001672,0.000000,0.000000,-0.002649,-0.001672
64.591,2,0.000005,0.002579,0.001729,0.000000,0.000000,-0.002579,-0.001729
64.841,2,0.000005,0.002483,0.001942,0.000000,0.000000,-0.002483,-0.001942
65.091,2,0.000005,0.002496,0.002029,0.000000,0.000000,-0.002496,-0.002029
65.342,2,0.000005,0.002298,0.002232,0.000000,0.000000,-0.002298,-0.002232
65.592,2,0.000005,0.002298,0.002232,0.000000,0.000000,-0.002298,-0.002232
65.842,2,0.000005,0.002201,0.002279,0.000000,0.000000,-0.002201,-0.002279
66.092,2,0.000006,0.002221,0.002498,0.000000,0.000000,-0.002221,-0.002498
66.342,2,0.000006,0.002221,0.002498,0.000000,0.000000,-0.002221,-0.002498
66.593,2,0.000006,0.001980,0.002753,0.000000,0.000000,-0.001980,-0.002753
66.843,2,0.000006,0.001941,0.002900,0.000000,0.000000,-0.001941,-0.002900
67.093,2,0.000006,0.001698,0.003023,0.000000,0.000000,-0.001698,-0.003023
67.343,2,0.000006,0.001662,0.003056,0.000000,0.000000,-0.001662,-0.003056
67.594,2,0.000006,0.001557,0.003197,0.000000,0.000000,-0.001557,-0.003197
67.844,2,0.000006,0.001522,0.003226,0.000000,0.000000,-0.001522,-0.003226
68.094,2,0.000007,0.001528,0.003328,0.000000,0.000000,-0.001528,-0.003328
68.344,2,0.000006,0.001317,0.003334,0.000000,0.000000,-0.001317,-0.003334
68.595,2,0.000006,0.001317,0.003334,0.000000,0.000000,-0.001317,-0.003334
68.845,2,0.000006,0.001088,0.003310,0.000000,0.000000,-0.001088,-0.003310
69.096,2,0.000007,0.000819,0.003607,0.000000,0.000000,-0.000819,-0.003607
69.347,2,0.000007,0.000771,0.003698,0.000000,0.000000,-0.000771,-0.003698
69.597,2,0.000007,0.000515,0.003720,0.000000,0.000000,-0.000515,-0.003720
69.847,2,0.000007,0.000388,0.003725,0.000000,0.000000,-0.000388,-0.003725
70.098,2,0.000007,0.000426,0.003757,0.000000,0.000000,-0.000426,-0.003757
70.348,2,0.000007,0.000228,0.003782,0.000000,0.000000,-0.000228,-0.003782
70.598,2,0.000007,0.000153,0.003795,0.000000,0.000000,-0.000153,-0.003795
70.849,2,0.000007,0.000055,0.003854,0.000000,0.000000,-0.000055,-0.003854
71.099,2,0.000007,-0.000177,0.003714,0.000000,0.000000,0.000177,-0.003714
71.349,2,0.000007,-0.000340,0.003795,0.000000,0.000000,0.000340,-0.003795
71.601,2,0.000007,-0.000448,0.003714,0.000000,0.000000,0.000448,-0.003714
71.851,2,0.000007,-0.000666,0.003682,0.000000,0.000000,0.000666,-0.003682
72.101,2,0.000007,-0.000666,0.003682,0.000000,0.000000,0.000666,-0.003682
72.352,2,0.000007,-0.000780,0.003778,0.000000,0.000000,0.000780,-0.003778
72.603,2,0.000008,-0.000885,0.003813,0.000000,0.000000,0.000885,-0.003813
72.853,2,0.000008,-0.000924,0.003794,0.000000,0.000000,0.000924,-0.003794
73.103,2,0.000007,-0.001261,0.003484,0.000000,0.000000,0.001261,-0.003484
73.353,2,0.000007,-0.001250,0.003500,0.000000,0.000000,0.001250,-0.003500
73.603,2,0.000007,-0.001510,0.003415,0.000000,0.000000,0.001510,-0.003415
73.854,2,0.000007,-0.001535,0.003373,0.000000,0.000000,0.001535,-0.003374
74.104,2,0.000007,-0.001763,0.003166,0.000000,0.000000,0.001763,-0.003166
74.354,2,0.000007,-0.001763,0.003166,0.000000,0.000000,0.001763,-0.003166
74.604,2,0.000007,-0.001995,0.003013,0.000000,0.000000,0.001995,-0.003013
74.854,2,0.000007,-0.002032,0.003021,0.000000,0.000000,0.002032,-0.003021
75.104,2,0.000006,-0.002077,0.002911,0.000000,0.000000,0.002077,-0.002911
75.355,2,0.000006,-0.002299,0.002747,0.000000,0.000000,0.002299,-0.002747
75.605,2,0.000006,-0.002353,0.002661,0.000000,0.000000,0.002353,-0.002661
75.855,2,0.000006,-0.002391,0.002661,0.000000,0.000000,0.002391,-0.002661
76.105,2,0.000006,-0.002575,0.002394,0.000000,0.000000,0.002575,-0.002394
76.355,2,0.000006,-0.002586,0.002344,0.000000,0.000000,0.002586,-0.002344
76.605,2,0.000006,-0.002712,0.002259,0.000000,0.000000,0.002712,-0.002259
76.856,2,0.000006,-0.002785,0.002046,0.000000,0.000000,0.002785,-0.002046
77.106,2,0.000006,-0.002785,0.002046,0.000000,0.000000,0.002785,-0.002046
77.356,2,0.000006,-0.002809,0.001789,0.000000,0.000000,0.002809,-0.001789
77.606,2,0.000006,-0.002967,0.001567,0.000000,0.000000,0.002967,-0.001567
77.856,2,0.000005,-0.002967,0.001431,0.000000,0.000000,0.002967,-0.001431
78.107,2,0.000006,-0.003093,0.001205,0.000000,0.000000,0.003093,-0.001205
78.357,2,0.000005,-0.003084,0.001079,0.000000,0.000000,0.003084,-0.001079
78.607,2,0.000005,-0.003182,0.000892,0.000000,0.000000,0.003182,-0.000892
78.857,2,0.000005,-0.003186,0.000722,0.000000,0.000000,0.003186,-0.000722
79.107,2,0.000005,-0.003193,0.000567,0.000000,0.000000,0.003193,-0.000567
79.358,2,0.000005,-0.003171,0.000441,0.000000,0.000000,0.003171,-0.000441
79.608,2,0.000005,-0.003244,0.000230,0.000000,0.000000,0.003244,-0.000230
79.866,2,0.000005,-0.003260,0.000049,0.000000,0.000000,0.003260,-0.000049
80.116,2,0.000005,-0.003259,0.000036,0.000000,0.000000,0.003259,-0.000036
80.367,2,0.000006,-0.003342,-0.000014,0.000000,0.000000,0.003342,0.000014
80.619,2,0.000006,-0.003342,-0.000014,0.000000,0.000000,0.003342,0.000014
80.869,2,0.000006,-0.003342,-0.000014,0.000000,0.000000,0.003342,0.000014
81.120,2,0.000006,-0.003228,-0.000785,0.000000,0.000000,0.003228,0.000785
81.370,2,0.000006,-0.003206,-0.000957,0.000000,0.000000,0.003206,0.000957
81.620,2,0.000006,-0.003190,-0.001005,0.000000,0.000000,0.003190,0.001005
81.871,2,0.000006,-0.003118,-0.001133,0.000000,0.000000,0.003118,0.001133
82.121,2,0.000006,-0.003181,-0.001346,0.000000,0.000000,0.003181,0.001346
82.371,2,0.000006,-0.003021,-0.001635,0.000000,0.000000,0.003021,0.001635
82.621,2,0.000006,-0.003021,-0.001635,0.000000,0.000000,0.003021,0.001635
82.872,2,0.000006,-0.003021,-0.001635,0.000000,0.000000,0.003021,0.001635
83.122,2,0.000006,-0.003001,-0.001882,0.000000,0.000000,0.003001,0.001882
83.372,2,0.000006,-0.002965,-0.001932,0.000000,0.000000,0.002965,0.001932
83.623,2,0.000006,-0.002652,-0.002278,0.000000,0.000000,0.002652,0.002278
83.873,2,0.000006,-0.002652,-0.002278,0.000000,0.000000,0.002652,0.002278
84.123,2,0.000006,-0.002496,-0.002405,0.000000,0.000000,0.002496,0.002405
84.373,2,0.000006,-0.002512,-0.002393,0.000000,0.000000,0.002512,0.002393
84.623,2,0.000007,-0.002480,-0.002830,0.000000,0.000000,0.002480,0.002830
84.873,2,0.000007,-0.002251,-0.003075,0.000000,0.000000,0.002251,0.003075
85.123,2,0.000007,-0.002251,-0.003075,0.000000,0.000000,0.002251,0.003075
85.375,2,0.000008,-0.002059,-0.003284,0.000000,0.000000,0.002059,0.003284
85.625,2,0.000008,-0.001957,-0.003357,0.000000,0.000000,0.001957,0.003357
85.875,2,0.000008,-0.001815,-0.003494,0.000000,0.000000,0.001815,0.003494
86.126,2,0.000008,-0.001815,-0.003494,0.000000,0.000000,0.001815,0.003494
86.376,2,0.000008,-0.001613,-0.003571,0.000000,0.000000,0.001613,0.003571
86.626,2,0.000008,-0.001305,-0.003792,0.000000,0.000000,0.001305,0.003792
86.876,2,0.000008,-0.001305,-0.003792,0.000000,0.000000,0.001305,0.003792
87.127,2,0.000008,-0.001175,-0.003937,0.000000,0.000000,0.001175,0.003937
87.377,2,0.000008,-0.000884,-0.003996,0.000000,0.000000,0.000884,0.003996
87.627,2,0.000008,-0.000701,-0.004047,0.000000,0.000000,0.000701,0.004047
87.877,2,0.000008,-0.000750,-0.004049,0.000000,0.000000,0.000750,0.004049
88.127,2,0.000008,-0.000543,-0.004030,0.000000,0.000000,0.000543,0.004030
88.378,2,0.000009,-0.000389,-0.004140,0.000000,0.000000,0.000389,0.004140
88.628,2,0.000009,-0.000288,-0.004121,0.000000,0.000000,0.000288,0.004121
88.878,2,0.000009,-0.000070,-0.004197,0.000000,0.000000,0.000070,0.004197
89.128,2,0.000009,0.000037,-0.004217,0.000000,0.000000,-0.000037,0.004217
89.379,2,0.000009,0.000231,-0.004187,0.000000,0.000000,-0.000231,0.004187
89.629,2,0.000009,0.000304,-0.004195,0.000000,0.000000,-0.000304,0.004195
89.879,2,0.000009,0.000531,-0.004144,0.000000,0.000000,-0.000531,0.004144
90.130,2,0.000009,0.000531,-0.004144,0.000000,0.000000,-0.000531,0.004144
90.380,2,0.000009,0.000823,-0.004109,0.000000,0.000000,-0.000823,0.004109
90.630,2,0.000009,0.000935,-0.004037,0.000000,0.000000,-0.000935,0.004037
90.880,2,0.000009,0.001080,-0.004033,0.000000,0.000000,-0.001080,0.004033
91.130,2,0.000008,0.001304,-0.003888,0.000000,0.000000,-0.001304,0.003888
91.380,2,0.000008,0.001398,-0.003868,0.000000,0.000000,-0.001398,0.003868
91.631,2,0.000009,0.001504,-0.003847,0.000000,0.000000,-0.001504,0.003847
91.881,2,0.000008,0.001699,-0.003661,0.000000,0.000000,-0.001699,0.003661
92.131,2,0.000008,0.001807,-0.003582,0.000000,0.000000,-0.001807,0.003582
92.381,2,0.000008,0.001807,-0.003582,0.000000,0.000000,-0.001807,0.003582
92.631,2,0.000008,0.002058,-0.003428,0.000000,0.000000,-0.002058,0.003428
92.881,2,0.000008,0.002058,-0.003428,0.000000,0.000000,-0.002058,0.003428
93.132,2,0.000008,0.002289,-0.003174,0.000000,0.000000,-0.002289,0.003174
93.382,2,0.000008,0.002289,-0.003174,0.000000,0.000000,-0.002289,0.003174
93.632,2,0.000008,0.002315,-0.003129,0.000000,0.000000,-0.002315,0.003129
93.882,2,0.000008,0.002540,-0.002988,0.000000,0.000000,-0.002540,0.002988
94.132,2,0.000008,0.002566,-0.002956,0.000000,0.000000,-0.002566,0.002956
94.382,2,0.000007,0.002819,-0.002516,0.000000,0.000000,-0.002819,0.002516
94.632,2,0.000007,0.002891,-0.002386,0.000000,0.000000,-0.002891,0.002386
94.883,2,0.000007,0.002948,-0.002223,0.000000,0.000000,-0.002948,0.002223
95.133,2,0.000007,0.003067,-0.002044,0.000000,0.000000,-0.003067,0.002044
95.383,2,0.000007,0.003119,-0.001890,0.000000,0.000000,-0.003119,0.001890
95.633,2,0.000007,0.003199,-0.001704,0.000000,0.000000,-0.003199,0.001704
95.884,2,0.000007,0.003199,-0.001704,0.000000,0.000000,-0.003199,0.001704
96.134,2,0.000006,0.003235,-0.001469,0.000000,0.000000,-0.003235,0.001469
96.385,2,0.000006,0.003342,-0.001169,0.000000,0.000000,-0.003342,0.001169
96.635,2,0.000006,0.003405,-0.001102,0.000000,0.000000,-0.003405,0.001102
96.886,2,0.000006,0.003442,-0.000817,0.000000,0.000000,-0.003442,0.000817
97.136,2,0.000006,0.003467,-0.000781,0.000000,0.000000,-0.003467,0.000781
97.386,2,0.000006,0.003463,-0.000542,0.000000,0.000000,-0.003463,0.000542
97.636,2,0.000006,0.003480,-0.000137,0.000000,0.000000,-0.003480,0.000137
97.886,2,0.000006,0.003509,-0.000033,0.000000,0.000000,-0.003509,0.000033
98.137,2,0.000006,0.003535,0.000016,0.000000,0.000000,-0.003535,-0.000016
98.387,2,0.000006,0.003513,0.000214,0.000000,0.000000,-0.003513,-0.000214
98.637,2,0.000006,0.003489,0.000528,0.000000,0.000000,-0.003489,-0.000528
98.887,2,0.000006,0.003481,0.000684,0.000000,0.000000,-0.003481,-0.000684
99.137,2,0.000006,0.003448,0.000804,0.000000,0.000000,-0.003448,-0.000804
99.387,2,0.000006,0.003285,0.001137,0.000000,0.000000,-0.003285,-0.001137
99.637,2,0.000006,0.003373,0.001198,0.000000,0.000000,-0.003373,-0.001198
99.888,2,0.000007,0.003310,0.001447,0.000000,0.000000,-0.003310,-0.001447
100.138,2,0.000007,0.003319,0.001539,0.000000,0.000000,-0.003319,-0.001539
100.388,2,0.000007,0.003257,0.001688,0.000000,0.000000,-0.003257,-0.001688
100.638,2,0.000007,0.003160,0.001948,0.000000,0.000000,-0.003160,-0.001948
100.888,2,0.000007,0.003075,0.002140,0.000000,0.000000,-0.003075,-0.002140
101.138,2,0.000007,0.003075,0.002140,0.000000,0.000000,-0.003075,-0.002140
101.389,2,0.000007,0.002850,0.002515,0.000000,0.000000,-0.002850,-0.002515
101.640,2,0.000007,0.002881,0.002471,0.000000,0.000000,-0.002881,-0.002471
101.890,2,0.000007,0.002766,0.002623,0.000000,0.000000,-0.002766,-0.002623
102.140,2,0.000008,0.002686,0.002868,0.000000,0.000000,-0.002686,-0.002868
102.391,2,0.000008,0.002572,0.003001,0.000000,0.000000,-0.002572,-0.003001
